{"cameraMode":{"drawMode":0,"name":"Shaded","section":"Shading Mode"},"sceneLighting":false,"audioPlay":false,"sceneViewState":{"showFog":true,"showMaterialUpdate":false,"showSkybox":true,"showFlares":true,"showImageEffects":true,"showParticleSystems":true},"in2DMode":false,"pivot":{"x":688.859375,"y":148.37124633789063,"z":507.7759704589844},"rotation":{"x":-0.20559953153133393,"y":-0.5724653601646423,"z":0.15111353993415833,"w":-0.7792782187461853},"size":567.751953125,"orthographic":false}