{"cameraMode":{"drawMode":0,"name":"Shaded","section":"Shading Mode"},"sceneLighting":false,"audioPlay":false,"sceneViewState":{"showFog":true,"showMaterialUpdate":false,"showSkybox":true,"showFlares":true,"showImageEffects":true,"showParticleSystems":true},"in2DMode":false,"pivot":{"x":188.7330322265625,"y":-179.03573608398438,"z":86.69366455078125},"rotation":{"x":-0.02538412995636463,"y":0.9656440019607544,"z":-0.10322680324316025,"w":-0.23725034296512605},"size":1993.98779296875,"orthographic":false}