{"cameraMode":{"drawMode":0,"name":"Shaded","section":"Shading Mode"},"sceneLighting":false,"audioPlay":false,"sceneViewState":{"showFog":true,"showMaterialUpdate":false,"showSkybox":true,"showFlares":true,"showImageEffects":true,"showParticleSystems":true},"in2DMode":false,"pivot":{"x":360.3988037109375,"y":215.0902557373047,"z":945.021728515625},"rotation":{"x":0.1322045475244522,"y":0.23327673971652986,"z":-0.03228078782558441,"w":0.9629262089729309},"size":622.64892578125,"orthographic":false}