{"cameraMode":{"drawMode":0,"name":"Shaded","section":"Shading Mode"},"sceneLighting":true,"audioPlay":false,"sceneViewState":{"showFog":true,"showMaterialUpdate":false,"showSkybox":true,"showFlares":true,"showImageEffects":true,"showParticleSystems":true},"in2DMode":false,"pivot":{"x":0.5074434280395508,"y":2.0239012241363527,"z":-1.4213171005249024},"rotation":{"x":-0.0384761206805706,"y":0.9415134787559509,"z":-0.11525600403547287,"w":-0.3143073320388794},"size":10.0,"orthographic":false}